ID;PRODUKT;PRODUKT-KATEGORIE;Kategorie;INTERNER PRODUKTNAME;Preis;Link;Bezahlseite;Produktseite Text;Call to Action
378508;Hypnotisches Magenband (Unlimited);Workshop;Gewichtsreduktion;Workshop_Hypnotisches_Magenband;677;https://myablefy.com/s/katrin-van-sol/hypnotischesmagenband;https://katrin-van-sol.my-ablefy.com/s/katrin-van-sol/hypnotischesmagenband/payment;"Es ist Zeit, den Kreislauf zu durchbrechen. Es ist Zeit für Dich!

Ich begleite dich über 3 Tage als deine persönliche Hypnose-Expertin in ein „leichtes“ Leben.

Dieser Kurs ist richtig für dich, wenn:
✔️ Du dein Lieblingsessen genießen und gleichzeitig abnehmen möchtest
✔️ Du nachhaltig abnehmen möchtest, ohne den Jojo-Effektt
✔️ Du keine Lust auf Verbote auf dem Weg in ein neues Leben hast.
✔️ Du verstanden hast, dass Low Carb, FdH oder ein bestimmtes Abnehmprogramm dich nicht zu deinem Wunschgewicht führen.

Nach den 3 Tagen wirst du …
 ✔️ essen, bis du körperlich satt bist, aber nicht übermäßig voll.
 ✔️ dich fühlen wie ein Schlanker, denken wie ein Schlanker und dich auch so sehen können.
 ✔️ mehr erreichen als nur Gewichtsverlust. Es geht darum, dein Leben zu verändern.
 ✔️ dein Gespür für Lebensmittel wird viel sensibler, sodass du intuitiv zu gesunden Lebensmitteln greifst, nicht weil du musst, sondern weil du Lust darauf hast und spürst, wie gut es dir tut.
 
Bist du bereit, deine Beziehung zu Essen neu zu definieren? Und willst du dein Wunschgewicht ohne Kampf, sondern mit Leichtigkeit erreichen?

Dann lass uns jetzt gemeinsam starten!
";"Worauf wartest du noch?
Verändere dein Essverhalten nachhaltig – starte jetzt mit dem „Hypnotischen Magenband“ in dein neues Körpergefühl. Melde dich noch heute an.
"
380818;Heile Dich, Befreie Dich, Aktiviere Deine Selbstheilungskraefte!;Workshop;Vergebensarbeit;Workshop_heile_dich_befreie_dich;444;https://myablefy.com/s/katrin-van-sol/online-kurs-heile-dich-befreie-dich-aktiviere-deine-selbstheilungskraefte-966a93a8;https://katrin-van-sol.my-ablefy.com/s/katrin-van-sol/online-kurs-heile-dich-befreie-dich-aktiviere-deine-selbstheilungskraefte-966a93a8/payment;"Heile Dich, Befreie Dich, Aktiviere Deine Selbstheilungskräfte!
Die Essenz unseres Lebens liegt in unserer Gesundheit. Sie bildet das Fundament für alles, was wir tun. Unser Körper ist unser kostbarstes Gut, doch oft bietet unser herkömmliches Gesundheitssystem nicht die Möglichkeit zur ganzheitlichen Selbsthilfe und Gesundheit. Aus diesem Grund ist es an der Zeit, ein Bewusstsein zu entwickeln und klar zu sehen. Wir müssen erkennen, welche Faktoren uns beeinträchtigen und wie wir selbst zur Heilung beitragen können. Unser Körper kommuniziert mit uns, wenn wir unserem inneren Selbst nicht mehr zuhören. Tatsächlich ist Krankheit oft der erste Schritt des Körpers, um eine Lösung zu finden. Es ist an der Zeit, diese Botschaften zu entschlüsseln und die Fähigkeit zu erlangen, uns selbst zu helfen.  Wenn du bereit bist, die Verantwortung für deine Gesundheit und dein Wohlbefinden zu übernehmen und aktiv an deiner Heilung zu arbeiten, dann ist dieser Kurs genau das Richtige für dich. Du wirst dich radikal deiner Krankheit, deinen Ängsten stellen um zu heilen und loszulassen.  Ich begleite dich über 2 Tage als deine persönliche Hypnose-Expertin in ein „leichtes“ Leben.  Worauf wartest du noch?
Beginne jetzt mit dem Online-Kurs ""Heile Dich, Befreie Dich, Aktiviere Deine Selbstheilungskräfte“ und starte deinen Weg zur Heilung und Freiheit!

";"Worauf wartest du noch?
Beginne jetzt mit dem Online-Kurs ""Heile Dich, Befreie Dich, Aktiviere Deine Selbstheilungskräfte“ und starte deinen Weg zur Heilung und Freiheit!
"
390398;The Key - Der Onlinekurs;Workshop;Selbstliebe;Workshop_The_Key;444;https://myablefy.com/s/katrin-van-sol/the-key;https://katrin-van-sol.my-ablefy.com/s/katrin-van-sol/the-key/payment;"The Key - Vergebung als Schlüssel zu deinem selbstbestimmten ICH  The Key - Der Onlinekurs
Vergebung lernen – Loslassen und innere Freiheit finden
Die Vergangenheit loslassen. Alten Schmerz heilen und sich selbst wiederfinden.  Vergebung ist der Schlüssel zu einem friedvollen und befreiten Leben. Sie gibt dir die Möglichkeit, alte emotionale Lasten loszuwerden und dich für neue Erfahrungen und Beziehungen zu öffnen. In diesem intensiven Online-Kurs wirst du nicht nur die grundlegenden Prinzipien der Vergebung kennenlernen, sondern auch tief in die Praxis eintauchen. Mit bewährten Techniken, Hypnosen und Reflexionsübungen wirst du die Kraft der Vergebung nicht nur verstehen, sondern auch emotional erleben – ein Prozess, der dein Leben nachhaltig verändern kann.
 Kursinhalt:
Die Macht der Vergebung:
Lerne, warum Vergebung so wichtig für dein emotionales Wohlbefinden ist und wie sie dein Leben positiv beeinflussen kann. Erfahre, wie du negative Erlebnisse hinter dir lässt und dich für neue, positive Erfahrungen öffnest.

Tiefgehende Hypnosetechniken:
Mithilfe spezieller Hypnosen tauchst du tief in das Gefühl der Vergebung ein. Diese Techniken helfen dir, alte Wunden zu heilen und emotionale Blockaden zu lösen. Du kannst die Hypnosen jederzeit wiederholen, um deinen Heilungsprozess zu unterstützen.

Reflexionsübungen im Workbook:
Unterstützt von einem ausführlichen Workbook wirst du angeleitet, deine persönlichen Erfahrungen zu reflektieren und den Weg der Vergebung zu gehen. Durch gezielte Übungen erkennst du, wie du loslassen und inneren Frieden finden kannst.

Praktische Tipps und Techniken:
Entdecke konkrete Strategien und Techniken, die dir im Alltag helfen, Vergebung zu üben und langfristig ein Leben in Freiheit und Leichtigkeit zu führen.

Alte Verletzungen überwinden:
Erfahre, wie du alte Wunden heilen und dich von negativen Gedankenmustern befreien kannst. Durch die Vergebung wirst du emotional gestärkt und bereit für neue, gesunde Beziehungen.

Jetzt Loslassen & Befreien!";"Jetzt Loslassen & Befreien!
Die Vergangenheit loslassen. Alten Schmerz heilen und sich selbst wiederfinden.
"
447217;Hypnotischer Magenballon;Workshop;VANSOL;Workshop_Hypnotischer_Magenballon;444;https://myablefy.com/s/katrin-van-sol/hypnotischer-magenballon;https://katrin-van-sol.my-ablefy.com/s/katrin-van-sol/hypnotischer-magenballon/payment;"Es ist Zeit, Deine Leichtigkeit zurückzuholen!

In diesem intensiven 2-Tages-Programm begleite ich dich als deine Hypnosetherapeutin in eine neue Version deiner selbst – voller Energie, Klarheit und tiefer Verbundenheit mit deinem Körper.

Vielleicht hast du schon auf Instagram gesehen, wie Lisa Reyes mit dem Hypnotischen Magenballon ihr Wunschgewicht erreicht hat – und vielleicht fühlst du dich genau dadurch inspiriert, diesen Weg nun auch für dich zu gehen.

Wichtig zu wissen:

Dies ist keine Diät.
Es gibt keine Verbote, keine Essenspläne und kein Kalorienzählen.

Stattdessen lösen wir gemeinsam die wahren Ursachen dafür:
warum du bisher mehr gegessen hast, als dein Körper wirklich braucht
warum Essen ein Ventil für Emotionen geworden ist
und warum du deinen Körper unbewusst wie einen Mülleimer behandelt hast.
Mit dem Hypnotischen Magenballon beendest du emotionales Essen – und findest zurück zu intuitivem Essen, Leichtigkeit und echter Freiheit.

Flexibel für dich:
Du kannst das Programm in deinem eigenen Tempo durchlaufen und/oder an den regelmäßig stattfindenden Live-Event-Tagen teilnehmen. Die Zugangslinks dafür erhältst du exklusiv auf der Plattform.

Dieser Workshop ist perfekt für Dich, wenn:
✔️ Du 5–10 kg abnehmen möchtest – auf sanfte und intuitive Weise
✔️ Du spüren willst, wie sich mehr Weiblichkeit, Energie und Leichtigkeit in Deinem Leben entfalten
✔️ Du emotionalen Stress loslassen willst, der sich als überflüssiges Gewicht zeigt
✔️ Du in kurzer Zeit eine echte Transformation erleben willst – kompakt und tiefgreifend

Nach diesen 2 Tagen wirst Du…
✔️ ein neues Gespür für Deinen Körper entwickeln
✔️ satt und zufrieden essen, ohne Verzicht
✔️ Dich nicht nur leichter fühlen, sondern auch freier und selbstbewusster
✔️ verstehen, warum Diäten Dich bisher nicht dorthin gebracht haben, wo Du eigentlich hinwillst
 
Und das Beste: Durch die kompakte Dauer ist der Workshop nicht nur intensiv, sondern auch besonders preiswert.

Dann ist jetzt der richtige Moment, um loszugehen – für Dich.
";"Worauf wartest du noch?
Hol dir deine Leichtigkeit zurück – starte jetzt mit dem „Hypnotischen Magenballon“ in ein neues Körpergefühl. Melde dich noch heute an.
"
492032;VANSOL Inner Circle;Membership;;Membership_Inner_Circle;555;https://myablefy.com/s/katrin-van-sol/inner-circle;https://katrin-van-sol.my-ablefy.com/s/katrin-van-sol/inner-circle/payment;;
476451;VANSOL Hypnose COPD;Hypnose;Krankheit;0008_COPD;96;https://katrin-van-sol.my-ablefy.com/s/katrin-van-sol/hypnose-copd;https://katrin-van-sol.my-ablefy.com/s/katrin-van-sol/hypnose-copd/payment;;
476556;VANSOL Hypnose Asthma;Hypnose;Krankheit;0009_Asthma;96;https://katrin-van-sol.my-ablefy.com/s/katrin-van-sol/Hypnose-Astma;https://katrin-van-sol.my-ablefy.com/s/katrin-van-sol/Hypnose-Astma/payment;;
477133;VANSOL Hypnose Schlaganfall;Hypnose;Krankheit;Hypnose Schlaganfall;96;https://katrin-van-sol.my-ablefy.com/s/katrin-van-sol/Schlaganfall;https://katrin-van-sol.my-ablefy.com/s/katrin-van-sol/Schlaganfall/payment;;
477150;VANSOL Hypnose Schilddruesenunterfunktion;Hypnose;Krankheit;0005_Schilddruesenunterfunktion;96;https://katrin-van-sol.my-ablefy.com/s/katrin-van-sol/Schilddruesenunterfunktion;https://katrin-van-sol.my-ablefy.com/s/katrin-van-sol/Schilddruesenunterfunktion/payment;;
477172;VANSOL Hypnose Bronchitis;Hypnose;Krankheit;0011_Bronchitis;96;https://katrin-van-sol.my-ablefy.com/s/katrin-van-sol/Bronchitis;https://katrin-van-sol.my-ablefy.com/s/katrin-van-sol/Bronchitis/payment;;
477178;VANSOL Hypnose Rheuma Arthritis;Hypnose;Krankheit;0006_Rheuma-Arthritis;96;https://katrin-van-sol.my-ablefy.com/s/katrin-van-sol/Rheuma-Arthritis;https://katrin-van-sol.my-ablefy.com/s/katrin-van-sol/Rheuma-Arthritis/payment;;
477306;VANSOL Hypnose Gastritis;Hypnose;Krankheit;0001_Gastritis;96;https://katrin-van-sol.my-ablefy.com/s/katrin-van-sol/Gastritis;https://katrin-van-sol.my-ablefy.com/s/katrin-van-sol/Gastritis/payment;;
477309;VANSOL Hypnose Heuschnupfen;Hypnose;Krankheit;0010_Heuschnupfen;96;https://katrin-van-sol.my-ablefy.com/s/katrin-van-sol/Heuschnupfen;https://katrin-van-sol.my-ablefy.com/s/katrin-van-sol/Heuschnupfen/payment;;
477310;VANSOL Hypnose Migraene;Hypnose;Krankheit;0003_Migraene;96;https://katrin-van-sol.my-ablefy.com/s/katrin-van-sol/Migraene;https://katrin-van-sol.my-ablefy.com/s/katrin-van-sol/Migraene/payment;;
477314;VANSOL Hypnose COVID;Hypnose;Krankheit;0023_COVID;96;https://katrin-van-sol.my-ablefy.com/s/katrin-van-sol/COVID;https://katrin-van-sol.my-ablefy.com/s/katrin-van-sol/COVID/payment;;
477316;VANSOL Hypnose Diabetes Typ 2;Hypnose;Krankheit;0002_DiabetesT2;96;https://katrin-van-sol.my-ablefy.com/s/katrin-van-sol/Diabetes-Typ-2;https://katrin-van-sol.my-ablefy.com/s/katrin-van-sol/Diabetes-Typ-2/payment;;
477320;VANSOL Hypnose Bluthochdruck;Hypnose;Krankheit;0004_Bluthochdruck;96;https://katrin-van-sol.my-ablefy.com/s/katrin-van-sol/Bluthochdruck;https://katrin-van-sol.my-ablefy.com/s/katrin-van-sol/Bluthochdruck/payment;;
477322;VANSOL Hypnose Grippe;Hypnose;Krankheit;0012_Grippe;96;https://katrin-van-sol.my-ablefy.com/s/katrin-van-sol/Grippe;https://katrin-van-sol.my-ablefy.com/s/katrin-van-sol/Grippe/payment;;
477323;VANSOL Hypnose Erkaeltung;Hypnose;Krankheit;0007_Erkaeltung;96;https://katrin-van-sol.my-ablefy.com/s/katrin-van-sol/Erkaeltung;https://katrin-van-sol.my-ablefy.com/s/katrin-van-sol/Erkaeltung/payment;;
494825;VANSOL Hypnose Cluster-Kopfschmerzen;Hypnose;Krankheit;0013_Cluster-Kopfschmerzen;96;https://katrin-van-sol.my-ablefy.com/s/katrin-van-sol/Cluster-Kopfschmerzen;https://katrin-van-sol.my-ablefy.com/s/katrin-van-sol/Cluster-Kopfschmerzen/payment;;
494826;VANSOL Hypnose Spannungskopfschmerz;Hypnose;Krankheit;0014_Spannungskopfschmerz;96;https://katrin-van-sol.my-ablefy.com/s/katrin-van-sol/Spannungskopfschmerzen;https://katrin-van-sol.my-ablefy.com/s/katrin-van-sol/Spannungskopfschmerzen/payment;;
494991;VANSOL Hypnose Multiple-Sklerose;Hypnose;Krankheit;0015_Multiple-Sklerose;96;https://katrin-van-sol.my-ablefy.com/s/katrin-van-sol/Multiple-Sklerose;https://katrin-van-sol.my-ablefy.com/s/katrin-van-sol/Multiple-Sklerose/payment;;
494992;VANSOL Hypnose Endometriose;Hypnose;Krankheit;0016_Endometriose;96;https://katrin-van-sol.my-ablefy.com/s/katrin-van-sol/Endometriose;https://katrin-van-sol.my-ablefy.com/s/katrin-van-sol/Endometriose/payment;;
494994;VANSOL Hypnose Sodbrennen;Hypnose;Krankheit;0017_Sodbrennen;96;https://katrin-van-sol.my-ablefy.com/s/katrin-van-sol/Sodbrennen;https://katrin-van-sol.my-ablefy.com/s/katrin-van-sol/Sodbrennen/payment;;
494995;VANSOL Hypnose Tinitus;Hypnose;Krankheit;0018_Tinitus;96;https://katrin-van-sol.my-ablefy.com/s/katrin-van-sol/Tinitus;https://katrin-van-sol.my-ablefy.com/s/katrin-van-sol/Tinitus/payment;;
495005;VANSOL Hypnose Rueckenschmerzen;Hypnose;Krankheit;0019_Rueckenschmerzen;96;https://katrin-van-sol.my-ablefy.com/s/katrin-van-sol/Rueckenschmerzen;https://katrin-van-sol.my-ablefy.com/s/katrin-van-sol/Rueckenschmerzen/payment;;
495007;VANSOL Hypnose Karpaltunnelsyndrom;Hypnose;Krankheit;0020_Karpaltunnelsyndrom;96;https://katrin-van-sol.my-ablefy.com/s/katrin-van-sol/Karpaltunnelsyndrom;https://katrin-van-sol.my-ablefy.com/s/katrin-van-sol/Karpaltunnelsyndrom/payment;;
495008;VANSOL Hypnose Karpaltunnelsyndrom;Hypnose;Krankheit;0021_Restless-Legs-Syndrom;96;https://katrin-van-sol.my-ablefy.com/s/katrin-van-sol/Restless-Legs-Syndrom;https://katrin-van-sol.my-ablefy.com/s/katrin-van-sol/Restless-Legs-Syndrom/payment;;
495010;VANSOL Hypnose Tennisarm;Hypnose;Krankheit;0022_Tennisarm;96;https://katrin-van-sol.my-ablefy.com/s/katrin-van-sol/Tennisarm;https://katrin-van-sol.my-ablefy.com/s/katrin-van-sol/Tennisarm/payment;;
495014;VANSOL Hypnose Eierstockzyste;Hypnose;Krankheit;0024_Eierstockzyste;96;https://katrin-van-sol.my-ablefy.com/s/katrin-van-sol/Eierstockzyste;https://katrin-van-sol.my-ablefy.com/s/katrin-van-sol/Eierstockzyste/payment;;
495017;VANSOL Hypnose Eileiterentzuendung;Hypnose;Krankheit;0025_Eileiterentzuendung;96;https://katrin-van-sol.my-ablefy.com/s/katrin-van-sol/Eileiterentzuendung;https://katrin-van-sol.my-ablefy.com/s/katrin-van-sol/Eileiterentzuendung/payment;;
495020;VANSOL Hypnose Brustentzuendung;Hypnose;Krankheit;0026_Brustentzuendung;96;https://katrin-van-sol.my-ablefy.com/s/katrin-van-sol/Brustentzuendung;https://katrin-van-sol.my-ablefy.com/s/katrin-van-sol/Brustentzuendung/payment;;
495021;VANSOL Hypnose Beckenentzuendung;Hypnose;Krankheit;0027_Beckenentzuendung;96;https://katrin-van-sol.my-ablefy.com/s/katrin-van-sol/Beckenentzuendung;https://katrin-van-sol.my-ablefy.com/s/katrin-van-sol/Beckenentzuendung/payment;;
495022;VANSOL Hypnose Bandscheibenvorfall;Hypnose;Krankheit;0028_Bandscheibenvorfall;96;https://katrin-van-sol.my-ablefy.com/s/katrin-van-sol/Bandscheibenvorfall;https://katrin-van-sol.my-ablefy.com/s/katrin-van-sol/Bandscheibenvorfall/payment;;
495364;VANSOL Hypnose Sehnenentzuendung;Hypnose;Krankheit;0029_Sehnenentzuendung;96;https://katrin-van-sol.my-ablefy.com/s/katrin-van-sol/Sehnenentzuendung;https://katrin-van-sol.my-ablefy.com/s/katrin-van-sol/Sehnenentzuendung/payment;;
495366;VANSOL Hypnose Schleimbeutelentzuendung;Hypnose;Krankheit;0030_Schleimbeutelentzuendung;96;https://katrin-van-sol.my-ablefy.com/s/katrin-van-sol/Schleimbeutelentzuendung;https://katrin-van-sol.my-ablefy.com/s/katrin-van-sol/Schleimbeutelentzuendung/payment;;
495371;VANSOL Hypnose Knochenbruch;Hypnose;Krankheit;0031_Knochenbruch;96;https://katrin-van-sol.my-ablefy.com/s/katrin-van-sol/Knochenbruch;https://katrin-van-sol.my-ablefy.com/s/katrin-van-sol/Knochenbruch/payment;;
495372;VANSOL Hypnose Muskelriss;Hypnose;Krankheit;0032_Muskelriss;96;https://katrin-van-sol.my-ablefy.com/s/katrin-van-sol/Muskelriss;https://katrin-van-sol.my-ablefy.com/s/katrin-van-sol/Muskelriss/payment;;
495373;VANSOL Hypnose Baenderriss;Hypnose;Krankheit;0033_Baenderriss;96;https://katrin-van-sol.my-ablefy.com/s/katrin-van-sol/Baenderriss;https://katrin-van-sol.my-ablefy.com/s/katrin-van-sol/Baenderriss/payment;;
495405;VANSOL Hypnose Reizdarmsyndrom;Hypnose;Krankheit;0034_Reizdarmsyndrom;96;https://katrin-van-sol.my-ablefy.com/s/katrin-van-sol/Reizdarmsyndrom;https://katrin-van-sol.my-ablefy.com/s/katrin-van-sol/Reizdarmsyndrom/payment;;
495420;VANSOL Hypnose Gicht;Hypnose;Krankheit;0035_Gicht;96;https://katrin-van-sol.my-ablefy.com/s/katrin-van-sol/Gicht;https://katrin-van-sol.my-ablefy.com/s/katrin-van-sol/Gicht/payment;;
495426;VANSOL Hypnose Haemorrhoiden;Hypnose;Krankheit;0036_Haemorrhoiden;96;https://katrin-van-sol.my-ablefy.com/s/katrin-van-sol/Haemorrhoiden;https://katrin-van-sol.my-ablefy.com/s/katrin-van-sol/Haemorrhoiden/payment;;
495427;VANSOL Hypnose Neurodermitis;Hypnose;Krankheit;0037_Neurodermitis;96;https://katrin-van-sol.my-ablefy.com/s/katrin-van-sol/Neurodermitis;https://katrin-van-sol.my-ablefy.com/s/katrin-van-sol/Neurodermitis/payment;;
495429;VANSOL Hypnose Zaehneknirschen;Hypnose;Krankheit;0038_Zaehneknirschen;96;https://katrin-van-sol.my-ablefy.com/s/katrin-van-sol/Zaehneknirschen;https://katrin-van-sol.my-ablefy.com/s/katrin-van-sol/Zaehneknirschen/payment;;
495432;VANSOL Hypnose Fibromyalgie;Hypnose;Krankheit;0039_Fibromyalgie;96;https://katrin-van-sol.my-ablefy.com/s/katrin-van-sol/Fibromyalgie;https://katrin-van-sol.my-ablefy.com/s/katrin-van-sol/Fibromyalgie/payment;;
495433;VANSOL Hypnose Menstruationsbeschwerden;Hypnose;Krankheit;0040_Menstruationsbeschwerden;96;https://katrin-van-sol.my-ablefy.com/s/katrin-van-sol/Menstruationsbeschwerden;https://katrin-van-sol.my-ablefy.com/s/katrin-van-sol/Menstruationsbeschwerden/payment;;
495434;VANSOL Hypnose Akne;Hypnose;Krankheit;0041_Akne;96;https://katrin-van-sol.my-ablefy.com/s/katrin-van-sol/Akne;https://katrin-van-sol.my-ablefy.com/s/katrin-van-sol/Akne/payment;;
495436;VANSOL Hypnose Schuppenflechte;Hypnose;Krankheit;0042_Schuppenflechte;96;https://katrin-van-sol.my-ablefy.com/s/katrin-van-sol/Schuppenflechte;https://katrin-van-sol.my-ablefy.com/s/katrin-van-sol/Schuppenflechte/payment;;
495480;VANSOL Hypnose Fersensporn;Hypnose;Krankheit;0043_Fersensporn;96;https://katrin-van-sol.my-ablefy.com/s/katrin-van-sol/Fersensporn;https://katrin-van-sol.my-ablefy.com/s/katrin-van-sol/Fersensporn/payment;;
495482;VANSOL Hypnose Hexenschuss;Hypnose;Krankheit;0044_Hexenschuss;96;https://katrin-van-sol.my-ablefy.com/s/katrin-van-sol/Hexenschuss;https://katrin-van-sol.my-ablefy.com/s/katrin-van-sol/Hexenschuss/payment;;
495484;VANSOL Hypnose Ischias;Hypnose;Krankheit;0045_Ischias;96;https://katrin-van-sol.my-ablefy.com/s/katrin-van-sol/Ischias;https://katrin-van-sol.my-ablefy.com/s/katrin-van-sol/Ischias/payment;;
495486;VANSOL Hypnose Nierensteine;Hypnose;Krankheit;0047_Nierensteine;96;https://katrin-van-sol.my-ablefy.com/s/katrin-van-sol/Nierensteine;https://katrin-van-sol.my-ablefy.com/s/katrin-van-sol/Nierensteine/payment;;
495489;VANSOL Hypnose Gallensteine;Hypnose;Krankheit;0048_Gallensteine;96;https://katrin-van-sol.my-ablefy.com/s/katrin-van-sol/Gallensteine;https://katrin-van-sol.my-ablefy.com/s/katrin-van-sol/Gallensteine/payment;;
495492;VANSOL Hypnose Krampfadern;Hypnose;Krankheit;0049_Krampfadern;96;https://katrin-van-sol.my-ablefy.com/s/katrin-van-sol/Krampfadern;https://katrin-van-sol.my-ablefy.com/s/katrin-van-sol/Krampfadern/payment;;
495495;VANSOL Hypnose Blasenentzuendung;Hypnose;Krankheit;0046_Blasenentzuendung;96;https://katrin-van-sol.my-ablefy.com/s/katrin-van-sol/Blasenentzuendung;https://katrin-van-sol.my-ablefy.com/s/katrin-van-sol/Blasenentzuendung/payment;;
495639;VANSOL Hypnose Schilddruesenueberfunktion;Hypnose;Krankheit;0050_Schilddruesenueberfunktion;96;https://katrin-van-sol.my-ablefy.com/s/katrin-van-sol/Schilddruesenueberfunktion;https://katrin-van-sol.my-ablefy.com/s/katrin-van-sol/Schilddruesenueberfunktion/payment;;
495758;VANSOL Hypnose Heisshunger;Hypnose;Gesunde Ernährung;0051_Heisshunger;96;https://katrin-van-sol.my-ablefy.com/s/katrin-van-sol/Heisshunger;https://katrin-van-sol.my-ablefy.com/s/katrin-van-sol/Heisshunger/payment;;
495771;0052 Dein Weg zur Tranformation;Hypnose;Gesunde Ernährung;0052_Dein_Weg_zur_Tranformation;96;https://katrin-van-sol.my-ablefy.com/s/katrin-van-sol/Dein-Weg-zur-Tranformation;https://katrin-van-sol.my-ablefy.com/s/katrin-van-sol/Dein-Weg-zur-Tranformation/payment;;
496179;0053 Die Vision deines schlanken Ichs;Hypnose;Gesunde Ernährung;0053_Die_Vision_deines_schlanken_Ichs;96;https://katrin-van-sol.my-ablefy.com/s/katrin-van-sol/Die-Vision-deines-schlanken-Ichs;https://katrin-van-sol.my-ablefy.com/s/katrin-van-sol/Die-Vision-deines-schlanken-Ichs/payment;;
496181;VANSOL Hypnose Gesunde Ernaehrung;Hypnose;Gesunde Ernährung;0054_Gesunde_Ernaehrung;96;https://katrin-van-sol.my-ablefy.com/s/katrin-van-sol/Gesunde-Ernaehrung;https://katrin-van-sol.my-ablefy.com/s/katrin-van-sol/Gesunde-Ernaehrung/payment;;
496182;VANSOL Hypnose Vom Alten zum Neuen Ich;Hypnose;Gesunde Ernährung;0055_Vom_Alten_zum_Neuen_Ich;96;https://katrin-van-sol.my-ablefy.com/s/katrin-van-sol/Vom-Alten-zum-Neuen-Ich;https://katrin-van-sol.my-ablefy.com/s/katrin-van-sol/Vom-Alten-zum-Neuen-Ich/payment;;
496184;VANSOL Hypnose Wasser trinken;Hypnose;Gesunde Ernährung;0056_Wasser_trinken;96;https://katrin-van-sol.my-ablefy.com/s/katrin-van-sol/Wasser-trinken;https://katrin-van-sol.my-ablefy.com/s/katrin-van-sol/Wasser-trinken/payment;;
496187;VANSOL Hypnose Heile Dich;Hypnose;Heilung Allgemein;0057_Heile_dich;96;https://katrin-van-sol.my-ablefy.com/s/katrin-van-sol/heile-dich;https://katrin-van-sol.my-ablefy.com/s/katrin-van-sol/heile-dich/payment;;
496190;VANSOL Hypnose Horizont;Hypnose;Heilung Allgemein;0058_Horizont;96;https://katrin-van-sol.my-ablefy.com/s/katrin-van-sol/Horizont;https://katrin-van-sol.my-ablefy.com/s/katrin-van-sol/Horizont/payment;;
496191;VANSOL Hypnose_Raum_der_Heilung;Hypnose;Heilung Allgemein;0059_Raum_der_Heilung;96;https://katrin-van-sol.my-ablefy.com/s/katrin-van-sol/Raum-der-Heilung;https://katrin-van-sol.my-ablefy.com/s/katrin-van-sol/Raum-der-Heilung/payment;;
496192;VANSOL Hypnose Wasserfall;Hypnose;Heilung Allgemein;0060_Wasserfall;96;https://katrin-van-sol.my-ablefy.com/s/katrin-van-sol/Wasserfall;https://katrin-van-sol.my-ablefy.com/s/katrin-van-sol/Wasserfall/payment;;
496193;VANSOL Hypnose Pink;Hypnose;Heilung Allgemein;0061_Pink;96;https://katrin-van-sol.my-ablefy.com/s/katrin-van-sol/Pink;https://katrin-van-sol.my-ablefy.com/s/katrin-van-sol/Pink/payment;;
496194;VANSOL Hypnose Selbstliebe;Hypnose;Selbstliebe;0062_Selbstliebe;96;https://katrin-van-sol.my-ablefy.com/s/katrin-van-sol/Selbstliebe;https://katrin-van-sol.my-ablefy.com/s/katrin-van-sol/Selbstliebe/payment;;
496197;VANSOL Hypnose Leuchte;Hypnose;Selbstliebe;0063_Leuchte;96;https://katrin-van-sol.my-ablefy.com/s/katrin-van-sol/Leuchte;https://katrin-van-sol.my-ablefy.com/s/katrin-van-sol/Leuchte/payment;;
496199;VANSOL Hypnose Dein Zukunftsich;Hypnose;Selbstliebe;0064_Dein_Zukunftsich;96;https://katrin-van-sol.my-ablefy.com/s/katrin-van-sol/Dein-Zukunftsich;https://katrin-van-sol.my-ablefy.com/s/katrin-van-sol/Dein-Zukunftsich/payment;;
496201;VANSOL Hypnose Kraftoase;Hypnose;Selbstliebe;0065_Kraftoase;96;https://katrin-van-sol.my-ablefy.com/s/katrin-van-sol/Kraftoase;https://katrin-van-sol.my-ablefy.com/s/katrin-van-sol/Kraftoase/payment;;
496203;VANSOL Hypnose Krisen;Hypnose;Selbstliebe;0066_Krisen;96;https://katrin-van-sol.my-ablefy.com/s/katrin-van-sol/Krisen;https://katrin-van-sol.my-ablefy.com/s/katrin-van-sol/Krisen/payment;;
496386;VANSOL Hypnose Angst vor Hunden;Hypnose;Ängste. ;0067_Angst_vor_Hunden;96;https://katrin-van-sol.my-ablefy.com/s/katrin-van-sol/Angst-vor-Hunden;https://katrin-van-sol.my-ablefy.com/s/katrin-van-sol/Angst-vor-Hunden/payment;;